score,sample_assignments
-0.37261050342658,
-0.0453134692245083,2
-0.388413910127864,0
-0.973683313295886,2
-0.181232039920112,2
0.15576466476543,2
-0.0125386836788957,2
-0.0500573642095928,
0.0738579058313213,
-0.555503368727947,2
-0.145040767303278,2
-0.468993293846312,
-0.430313688936935,
-0.395016873938575,2
-0.427844416649265,2
-0.17657165028212,2
-0.147775685027228,
-0.254789084046413,2
-0.477838804958505,2
-0.0502340927422835,
-1.22879981322036,2
-0.181630500625869,2
0.180609878258172,2
-2.02564472903696,"0,2"
-1.6367004566288,0
-1.65656907663554,0
-2.4815795549735,0
-2.50212823274764,0
-2.22610742672219,0
-1.89730149043368,"0,2"
-0.682954463032835,2
-0.0983187489626474,2
-0.0179998194743001,
-0.0664564027844771,2
-3.65034797244986,0
-0.341922832016336,
0.21176742138953,2
-0.330095865138841,2
-0.495238709687705,2
-0.388970197742591,
0.238336299346863,
-0.142624097579656,
0.314079800080404,2
0.154157649377929,
-0.422681586594637,2
-0.166669459142941,
-0.180958272634677,2
-0.0393050103460963,
-0.0054804514013132,
-0.0318629778553975,
-0.921591673894526,2
-0.148867100203426,2
-0.539420688452674,2
-0.0164585518325097,2
-0.256547625476716,
-0.196967451557336,
0.275561384077285,2
-0.56091866284254,2
0.0142807347774057,
0.327422988892546,
-0.543137762402507,
-0.200679811161979,
-0.308519545564318,2
0.0104485547113585,2
-1.14195506703003,2
0.0628013912002851,
0.168246095010134,
0.0089874047647475,
0.0785666221560315,2
-1.89246157412393,"0,2"
-2.1847547529789,2
0.31364873883553,2
-0.113496938607851,2
-0.0418711301411099,2
-0.108512374174145,
-0.548239954638154,2
-1.43176219554685,2
-1.23390488739974,2
-0.321266376663658,
-0.231817926935682,
-0.191276668017017,2
0.0826831586701175,2
-0.58041586484571,2
-2.09697257117144,2
0.348291059736837,
0.0211553121759141,
0.0634310486770521,
-0.0541470184485822,2
0.495880358483272,
-0.0510314099344127,2
-0.0617858138271981,
-2.39048069455324,0
-1.88743016250199,"0,2"
-2.44598808427358,0
-0.288552682219596,2
-1.84113586609137,0
-0.117545478556847,
0.119817297801682,
0.244697521338296,
-0.147346078310098,2
-0.582372259854102,
-1.60156685165604,
0.23403085539082,
-1.96141420301698,0
-2.10667578876765,0
-2.17809513750892,0
0.433218113421171,
0.252641450491044,2
-2.10231492900379,0
-0.608742915773584,2
-0.138161229825439,2
-1.49833581960485,0
-2.78523997945063,0
-2.31508727898479,0
-2.14268375955679,0
-1.88032705628737,0
0.263497775536314,
-2.73591085460351,0
-0.194290415479458,2
-1.66083571915168,2
-1.90767384270355,2
0.368261301580362,2
-1.88826243338375,0
-2.58012439856074,"0,2"
-2.11355452284136,0
-2.18822722702514,0
-2.31165621098727,0
-1.90732687769401,0
-2.00439013472194,0
-1.91220626137059,0
-0.6644283403562,
-0.149021070351672,2
0.0313062634063679,2
0.140331074030099,
-0.304999403821125,
0.112407891272398,
-0.253569819418033,2
-0.362646937009684,
-0.0095389858844001,2
-0.0424945450060461,
-0.252396780792194,2
-0.0724942595937364,
-0.468993644044396,2
0.0770676269359654,2
0.203667345122214,2
-0.290890734115389,2
0.124382573233866,2
-0.1789395867374,2
-0.195741893982108,2
-0.0256183012766767,
0.108894667819431,2
0.31465312114996,2
-0.0340112019206178,2
-0.261654341461899,
-1.90345588686352,"0,2"
0.17445258327484,
-0.230577847185133,
0.0778692112791731,2
-0.188834345211898,
0.0107666488541213,2
-2.27716112570127,0
-1.711244805507,0
-2.3008098011696,"0,2"
-1.89575518389324,0
-1.88514742653572,0
0.0032603813718293,2
-0.165536040911456,2
-0.185296967330991,
-0.067164439050108,
-0.414420321633281,
-2.23427850286585,0
-0.286648661729374,2
-0.141286740995721,
0.277923519411741,
-2.59470853603584,0
-0.353035635217169,
-0.693142536943349,2
-0.631893111643994,2
-0.24797230919738,
-2.22612222900539,0
-0.0422090556254549,2
-0.412088920545003,
-1.46297134906611,0
-0.362577558915998,2
-0.258046591052841,
0.282275854927706,
-1.62390239959227,2
-2.04326818228721,"0,2"
-1.8679314377921,2
-0.233401189769988,
-0.0030194078460585,
-0.239059047995225,
-2.11113231210402,2
0.0788901825602333,
-0.200206977132496,
-0.107071246984515,
-0.0948374584074106,2
-2.49352324025865,0
-2.48552739594034,"0,2"
-0.841830450186673,2
0.112499118456149,
0.0216296662104994,
0.130856463914244,2
-0.187628556558442,2
-0.290726687608708,2
-1.95875615537077,0
-2.40360904850681,"0,2"
-2.22421950186341,0
-2.65823961350783,0
-2.32092314101715,0
-2.20254102711855,0
0.0692715808856734,
-2.53443021351077,0
-0.0802033634658153,2
0.103513701163575,
-2.14174273520893,0
-2.02233175261816,0
-2.07795707321754,0
-1.77532347459198,0
-0.108913453782523,2
0.109884311248167,2
-0.288888987885139,
0.146633898149107,2
0.0594634927079684,
-1.24099502166333,2
0.0878675582031953,
-2.38393524527543,0
-2.1978281236014,0
-2.39797407768976,0
-2.26776054445651,0
-2.54218851428559,"0,2"
-2.30701978041447,0
-2.0922397932055,0
-0.267722266843825,2
-0.698344351702248,2
-2.39816381221414,0
-2.50468936549066,0
-2.41589683074489,0
-1.81626592527272,0
-2.06329992545438,0
-2.5521515062019,0
-2.04196796734487,0
-1.88162287417305,"0,2"
-2.03328505421385,0
-2.55911805538159,0
-0.242737629406327,2
-0.0811347365782332,
-0.432153149317547,2
0.0531084697926111,2
-0.235712988746183,
0.0381596333821486,2
-0.142488791280807,
0.236572957142199,
-0.0908765578960755,2
0.0765762476671913,2
0.175234563667571,2
-0.101470886765351,
0.37639540518591,2
-0.200243505473608,2
0.207189440120481,2
-0.52564796357952,2
0.136283829632037,
0.419462978210407,
0.221339367575365,2
0.0520953853424357,2
-2.02032847411797,0
-2.57022861019444,0
-2.07035559486372,0
-2.22309933512571,"0,2"
-0.162758147388726,2
-0.0215055382057851,
-0.899627061095552,0
-1.8352960909996,0
-2.43588765836569,"0,2"
-1.67798334117485,"0,2"
-1.96017875677391,0
-2.14961368609209,0
-0.0228718964318377,2
-0.259442038911394,
-0.174894606427413,2
-0.696670078643576,2
0.0475355105844232,
-0.0882332524960653,
-0.617226485292004,
-0.591419464744108,2
0.0431611457065616,
-1.33284833119727,2
0.113099446402535,
-0.0323270857072348,
0.211401368413964,
-0.164703074148804,2
-0.250111810276369,2
-0.70660026479075,
-0.143739543394479,2
0.0078660699987904,2
-0.466477353956455,
-0.620201371008806,2
-2.41053919077601,0
-0.122193843218794,2
-0.308065086485694,
-0.179248266571474,2
0.0008816877037537,
-0.0931926781859281,2
-2.2368779276286,0
-0.0765591154080292,2
-0.0728887975583392,
-0.0672533050726693,2
-0.274594395313991,2
-0.0643034671740271,2
0.0336589795354355,2
-0.18016969669255,
0.0493089202813866,
0.316611401199192,
0.12259162117247,2
-2.76005221647416,0
-0.216694820470431,2
0.121022114943972,
0.207847351602975,
0.0687942352064083,
-1.64527533037193,0
0.557264663349988,2
0.175006538244498,2
0.250657795066714,
-1.8410356521443,0
-1.32753822709513,0
-1.73834813947418,"0,2"
-1.48851829809458,"0,2"
0.0031002286026483,2
-0.530946091433252,2
0.112128585365855,
0.168528528017527,
0.015503965969267,
0.530164727718434,
-2.76247796245549,"0,2"
-0.0634543091247518,
-0.448007201792022,2
-1.69111599683788,0
-1.95113526060798,"0,2"
-2.05029821109945,"0,2"
-3.02220614509521,0
-1.58434944755682,0
-0.0659024018271285,
-1.60379971496205,0
-0.0104009260486012,2
-0.0110290991647158,
0.0209716387913158,
0.331522622481848,2
0.19173596156769,2
-0.0809950046543564,2
0.134788632276109,2
0.283781640312844,
0.0618273051239322,2
-0.318205181442809,2
0.283343238237717,
-0.463256348022372,2
-0.0028609618644975,2
-0.265930540653985,
0.484013058028516,2
-0.145479819295588,
-2.01837708299856,2
-1.49271759046098,"0,2"
-1.82052718089792,0
-2.14933911864244,0
-2.02887064970573,0
-1.71773602920031,0
-1.41771602767353,"0,2"
-2.27433816750879,0
-1.2211190155522,"0,2"
-1.98872002634162,0
-1.53475626756766,"0,2"
-1.88847179414899,0
0.305861173476938,2
0.162044350336644,2
0.218263511569034,2
0.0295275260352785,2
0.473852682637646,2
-0.375995777347554,2
-0.385499589644516,
-2.74139197276859,0
-2.0687521595573,2
-1.70315335442358,0
-1.49074295525937,0
-2.08319468477209,0
-2.83901558428208,0
-2.79339419039279,0
-2.40516553009356,2
-0.542614319238953,2
0.415867158368367,
-0.316193003238634,2
-0.490375070832333,
0.474124268060278,2
-0.322502678994144,
-0.776106133799761,2
-2.35601982432529,0
0.219999716132539,2
-0.192425398734912,
-0.0599426746990719,
-0.115325522207182,
-0.70855680460578,2
-0.480636068670774,2
0.403068283914335,
-1.9073097340339,
-0.217289467809529,
-0.462861846871384,
-0.43586971318449,
-0.412347791316904,2
-0.0221961794474592,
-1.29548719112128,"0,2"
0.664720742043957,2
-1.79948636614858,2
-0.633264694668249,
-0.339909779376945,
0.0116235522653319,
-0.0934321813016914,2
-0.0984290076375374,
0.101222782774124,2
0.196945031387954,2
-3.78174671984507,0
0.0977008263695057,2
0.0229583115540455,
0.165827386507889,2
-0.326985961469278,2
0.0185765635524308,
-0.74475641789617,
-0.357514832123384,2
0.170430124815421,2
-0.075085123021708,
-0.334476341743134,2
-1.97791548004045,0
-2.27150633609115,2
-0.555066744711787,
0.530562189608434,2
0.479888411258346,
-0.275180330692083,2
-0.313942444722845,
-0.0722305973971354,
-0.661876030887427,
0.181486994240425,
-1.781887252075,0
-0.607694464931807,
0.134814492774108,
0.333620534865433,
-0.880529146014121,
-0.0663049494879567,
-2.69156700599675,0
-0.508034385208526,
-0.439171236353344,2
-0.0792177393431917,
-3.27129662076606,0
-0.3233801698786,
-0.0214431217050921,2
-0.125593141619068,
-3.0700093589234,0
-3.00243211698934,0
-2.74340346551776,"0,2"
-0.310482960726149,2
-0.726820581088183,2
-0.334099777232787,2
-1.02382358502105,2
-0.061786460717952,
-0.0236277797257578,
-0.297291972362217,
-0.281335101034925,
-0.0207805062900346,
-0.17245188980342,
-0.27863458160642,
-0.222150724542185,
-0.355641074519881,
-0.38558587689788,2
-2.04336044795426,2
-3.59232485729786,2
-2.0785734675909,2
-4.45980732914389,2
-1.94892155071841,2
-0.200989585624831,2
-0.96838804918098,2
0.0641715171714174,2
0.0696228451325736,
-0.301209708654196,2
0.133622446891161,
-0.610018671719404,2
-1.18083184329798,2
0.32544200451846,
-0.439777682861633,2
0.0401613569917659,2
-0.12654834955993,2
0.649475135035928,
-1.09541443269547,
-0.252650939571362,
-0.498563473407033,2
-0.480590718540609,
0.268767598551764,2
1.30689208765218,2
0.218818423209644,2
-2.46361808766912,0
-0.0434182378030501,
0.106967523933618,
0.0498460639049248,
-0.417492856234616,2
-0.44758201452048,
0.046603956759305,
-0.0558101655537388,
-2.44516415626039,0
-0.191476376634485,2
-0.276578724171495,
-0.081573029016585,2
0.278852371883411,2
-0.244878512739614,
0.593827846591637,2
-0.239408827597538,
-0.113288211959227,2
-0.866982108554823,
0.420519149593748,
-0.0416338770173233,
0.375689477982788,
-0.927134133766101,
-0.579607487923384,
-0.152310166719624,
-0.446852361162926,2
-1.76398026577746,0
0.05691160495523,
0.179966509411935,
0.177206358742981,
-0.314387175418668,
0.322239809335731,
-0.244007836929304,
0.197019897287456,
-0.0522614651851667,
-0.195403392966752,2
0.288594316318101,
-2.11987891872328,0
0.0196284986556055,2
-0.157215427484012,
-0.0881440661677245,
0.134062079199215,2
0.402628458911041,
0.418234041772017,2
-0.283400557736232,2
0.013159575015928,
-2.05929161132806,
-0.531218377290016,
-0.913255253694216,
-0.114103274322657,2
-0.32522990518979,2
-0.140631947684955,
0.362390956457154,2
-2.0965657786158,0
-0.0498654815853825,
0.0042377388922067,2
0.0608322291926667,
0.0449788194465629,
0.52223165121883,2
-1.3512110207618,0
0.075178455167008,2
0.139303582606878,2
0.400688039837797,
0.210380627424197,2
-0.631796913930221,2
-0.427897212333101,
0.186000304815304,
-0.0879171563617295,
0.100098058081626,2
-1.53235546339967,2
-0.353085227277311,2
0.143488826026886,2
-1.84913911912845,2
-1.50369772175934,0
0.171399878329824,
-0.0799738358470211,
-0.0239047000885326,
-0.0833417126428698,
0.169871102152978,2
0.25178800931775,2
0.572279396145086,
0.337723210784118,
-1.55569687050806,0
0.770906755941785,
0.596434076519009,
0.319303271390112,
0.239990054360226,
-0.421132233176648,2
0.336415094407682,2
0.0408515515637123,
0.62740878552526,
0.0085576058345457,2
0.248667768373828,
0.284095809598948,2
0.787590995455782,
0.499233424334583,2
0.555569347339143,
0.184538892389117,2
0.391456802132211,
-0.311873628943405,2
-1.82974505645471,0
0.215907076730171,
-0.0577000229629312,2
-0.254857537628401,2
0.748164167268976,2
-3.34590721032008,0
-2.60959082511498,0
-1.94853075355913,0
-2.42462035479782,"0,2"
-2.93584369950557,0
-2.85918225571408,0
-2.30352682513576,0
-1.89764061074096,"0,2"
-4.00493656511263,0
-1.99394018246053,0
-1.36779788478261,"0,2"
-2.39041680136626,0
-0.397654477691474,
-0.161730213530276,2
-0.291369565831049,2
0.248687860044321,
-1.95766755150854,0
-1.46684256372015,0
-0.357812318058921,2
-2.03414199767388,0
-1.6443686339642,0
0.297747676584499,0
-1.95294374647629,0
-2.07319479024413,0
-1.45539218636203,"0,2"
-0.0152466019704292,2
-2.05232380144043,2
-0.8088266943784,2
-1.93511921709868,0
-0.404924608574949,2
0.0472151356560475,2
-0.0101772242695253,2
-0.146133623439301,2
-1.03368954565127,2
0.0247687159654046,2
-0.0556632282865001,2
-0.908947432730684,2
-0.535272180282592,2
-0.756056507930088,
-0.0261778328267722,
-0.62659930574047,
0.0422381427035078,
0.0834567638964395,2
-2.13890649104097,0
-0.913013371010718,2
0.270624841250294,2
-1.74925525438724,0
-0.460669232265318,
-0.714818329248961,2
-0.334368910396347,2
0.25451072188575,2
0.0696946225163197,
0.0339712542980857,2
-0.401850536678059,2
-0.236131454916941,
-0.33428932005291,
-1.03343510074123,2
-0.163100651432117,
0.182761041607139,2
0.298685820996946,2
0.146243868067815,
0.504252734192833,2
-0.135022674388488,
-0.132855873387041,
0.205780715975802,2
-0.199790682211903,
0.262136307694458,2
0.227925244361821,2
0.209150701803195,2
0.036029592103107,2
0.393340466533792,
-2.20163952001858,0
-2.47766767778726,0
0.257804390708302,
-0.203384270879142,
0.49073531210526,
0.285450438428396,
0.158205002677354,
0.202968896867008,2
0.600870101034001,
-0.0550390574224866,2
-0.152144221763348,
0.117379358883917,2
0.0159453889728589,
0.488695714302194,2
0.0757874720589704,
0.179818283382107,2
0.272295231915403,
0.252286692093046,
-0.786038537797987,2
0.0959127865230063,
0.513758559599241,
0.288142122634005,
-1.79737657325658,
0.360497456300348,
-2.0605401439875,0
-0.326100814225388,
-0.652545723760172,
0.0524136216960439,2
0.404441827389662,2
0.133023873838388,2
-1.84066821677464,0
-1.99157621622867,"0,2"
0.029017660910223,
0.197275576974362,
0.0371852218402034,
-1.33663707255115,"0,2"
-1.58542378596186,0
0.785939375903544,
-0.264841012999907,
-0.49127135676395,2
-2.33428188148004,"0,2"
-0.544514158114669,
0.425717348306148,
-0.179469916447267,
-1.87389916872174,0
-0.432747866651254,
0.200876185549824,2
0.16567828543349,
-1.81310947380306,0
0.0423165093843193,2
-2.07742010103649,0
-0.11295632239409,2
-0.629180784542703,2
-2.0537387666319,"0,2"
0.123067756383239,
-1.19623368401361,2
-1.8549344846404,0
-2.04963143395105,0
-1.39646248988762,0
-0.382578790416592,2
-1.48589434240788,0
-1.86484269773559,0
-1.57850831772585,"0,2"
-1.26893113631422,0
-2.2979447326696,"0,2"
-2.29400438270642,0
-1.44841651036631,0
-1.16751574511434,0
-1.88810609891512,0
-2.15473953173496,"0,2"
-1.84834939033142,0
0.105936119528526,2
-0.356637438283172,2
-0.0661796434123347,
0.332362786309797,2
-0.106800328656477,2
-0.116775604224129,2
-0.134265777456226,2
0.0931441775703007,
-0.542197571902336,
-0.4043989984988,2
0.126348466757146,
0.165997600224466,2
0.200615290494038,2
-2.16079737761801,0
0.196088969361906,
-1.95488640788734,2
-0.40404295456097,2
-0.365818365761939,
-0.0443054171340977,2
0.52625415157264,
-0.377135954550066,2
-0.233031667901414,2
-1.9135545589332,0
-2.11066202536906,0
-1.83563575000238,0
-2.22807395189951,0
-2.38631878741384,0
-2.08088244719007,0
-1.47827157191638,0
-1.02195909114583,2
-1.0146698689665,
0.103384146125433,2
-0.0208571161895107,
-2.09453761927996,"0,2"
-0.0626352431792549,
0.383736700711667,2
0.0037159536031104,
-0.405383960609914,2
-0.216494982809892,2
0.020799816029216,
0.154762561373839,
-2.14939219790443,0
-0.304249045914854,
-2.05778042605182,0
-0.0126952176159954,2
-2.39625678181331,0
-0.26155830530532,
-2.54587000858993,0
-0.0454050611063513,2
-1.55594191209357,0
-2.4917463603023,0
0.0726188017602341,
0.338185218076868,2
0.270923686751814,
0.183322291119681,2
-0.118243585962721,2
0.055994667343773,
-0.446391937715831,2
-0.187546364394932,
-0.198903426212039,
-2.27878544497196,0
0.4721945528791,2
0.240886341937559,2
-2.17137513987016,0
-1.6652800811778,2
0.194672920158382,2
-0.224553799429863,2
-2.15431306069821,0
0.354333056849471,2
0.114585457775908,2
0.0816733854467378,
-2.37979763251402,0
-2.2386205548575,0
-1.91468665638428,0
-2.45298981846792,"0,2"
-0.0514299101353102,2
-2.32297920678307,0
0.0122477727911042,
-0.216303527225695,
-0.0156629849893591,
0.0780221890285954,2
0.125342755599968,
-0.0139300451562089,
-1.35945402070986,2
-2.00825799679473,"0,2"
-2.2288835325415,2
-0.222956413017083,2
0.0189387449236095,2
-0.0248372063829283,
0.237607347057662,
-0.096214580373665,2
-0.558665497685808,2
0.0646778485489811,
-1.65307191963688,
-0.0026128970481761,
-0.0142971208608558,2
-2.09285018880736,0
-0.351688541962465,2
0.0656514138729294,
-1.81666908741097,
-0.360065518568396,
-0.005831091696887,2
-1.82511117125829,0
-2.19829513791326,0
0.111147332019366,
0.0181773451482768,
-2.12568785885006,0
-2.11859545077109,"0,2"
-1.92326659071942,0
-1.8879503100562,"0,2"
0.146158245695191,
-0.0457352206195591,2
-0.340548122142082,
-2.07940917756532,"0,2"
0.109106471653949,
0.166133664524083,
0.307518525041627,
-2.20976678188052,0
-1.69865942698826,0
-2.29465730718365,"0,2"
-1.7697072764081,0
-1.8710630832529,0
-0.450533085684926,
-0.344807991501031,2
-1.85893283273228,0
-0.0806873755780593,
-2.12276285838404,0
-1.79645282004389,0
-1.80489132326417,0
-1.99129758316416,"0,2"
-1.68875484678761,0
-1.58126902395608,0
-1.89155817554576,0
-1.64524650123264,2
-2.10249059512621,0
-1.62916572683183,"0,2"
-2.01988488651408,0
-1.39626508303885,2
-1.85284770564905,2
-0.31245013540862,2
0.200423804725885,2
-0.61712019803654,
0.0276503094015949,
0.117839033110617,
-0.0098076278226782,
-0.0392870540053586,2
0.0402839301867322,2
-0.530451116452696,2
-0.115679976165079,2
-0.593807822793819,2
-0.407466245019528,
0.213411387333887,
-0.165121307149926,
0.285329917392038,
-0.247860139665823,2
0.167830652628743,2
-0.50389666827691,
0.500179304304506,
0.01187141577708,2
-0.428298210213184,2
-0.322232046814109,2
0.0240779494302449,2
-0.415853637029718,2
-0.109279553427856,2
0.089879429085149,
-0.757082078832978,2
-1.82457324511444,0
-0.963477891964925,"0,2"
-1.61027351724135,0
-3.41256184396293,0
-1.49248967910561,0
-2.0410258566992,"0,2"
-1.52891019136961,0
-1.44391884462746,0
-1.57570770533006,0
-0.154702436226783,2
-0.561705912887115,2
-1.925277452256,2
-1.38364631033649,0
-0.0180489131135941,2
0.400139371031409,
0.0961133162857967,2
0.132285866292813,2
-2.03260136546654,0
0.283238014279448,2
-1.65174166954429,0
-0.834246378904467,"0,2"
0.27822346101053,
-0.192959677187021,
-0.494208063219312,
0.283315190650487,2
0.355145638120542,
-0.267795186773311,2
-0.358117557455242,
0.253956551746971,2
-0.0579574557127119,2
0.0520143146291834,
-2.3508691938645,0
0.248392834919932,2
0.475157505710567,
0.139873672712294,2
-2.00445095776967,0
-0.313708723061628,2
0.0308070380685877,
-2.05135817653836,"0,2"
0.214590703361762,
0.113929224486424,2
0.164069414719365,2
0.196300676287272,2
0.383489098082072,
-0.129532584438802,2
0.0703330776660542,2
0.144988334328104,
-0.367738769741174,
-0.04888860011054,
0.2324219120117,2
-0.0771402200058652,
0.0209487335187599,
-2.76977608894852,2
-2.26234030610252,0
-0.377828008416012,2
-1.3638886072691,0
-1.38390941501963,0
-1.87069228869746,0
-0.963689801592826,2
-2.24528279803379,0
0.0019153406150617,2
-0.157330374361846,
-0.14944630100165,2
0.137579740190825,
0.017451197271104,
0.220302639710971,
-0.243824666664693,
-0.339451042585028,2
-0.233720861893364,2
0.104945141385379,2
-0.307622481230203,2
-0.300312332436372,
-0.236935039317648,
-0.0967494249523946,2
-0.119096044456709,2
0.0895746876968419,
0.159927189568965,2
0.110147234268131,2
-0.151265455630134,2
-0.400187588243449,2
-0.0248357701549644,2
-0.0905611463541882,
-0.198880923187415,
-0.617085133048597,
0.339884490177439,
-1.07428936408488,2
-1.50014449584054,0
-2.92152127982279,0
-1.73674319001445,0
-2.12870754060205,0
-4.20238911331162,0
-2.89697514050471,0
-0.662483092285522,2
0.333391435759715,2
-0.428338464401921,
0.167600773623651,2
-0.44524404896313,2
0.539590361496505,
0.267652906918833,
0.098740886622499,2
0.155928951822803,
-2.38046370206342,"0,2"
-1.60309259931805,"0,2"
-1.73329333871728,0
-0.506501923969361,
-0.450156396006957,
-0.343492511775943,
-0.308566407916435,
-1.99741819563986,0
0.0179952049464008,2
-3.66162045301671,0
-1.7979744662235,0
-2.91252448692479,0
-2.6353416209094,0
-2.73932554710575,0
0.124340892959236,
-0.142443664551307,
-0.0987662052409328,
-0.114011823555723,2
-2.76713407948034,0
-2.52911977546105,0
-2.43103072960453,"0,2"
-1.99376742157678,0
0.218052906198297,
-2.9131674176071,0
0.162782347112225,2
-0.008242560729925,
-0.489737565008687,
0.328549779311773,
-0.749588491501205,2
0.0672293407127807,2
-0.0704793491435253,
-2.2414023845974,0
-2.83110591414681,0
-1.2133956437475,2
0.360324822457256,
-0.0707181656582726,
0.0649019798891134,
0.329757712967313,
0.38995665122492,
0.0625189239061423,
-0.759565561641431,2
0.164617721077255,
-1.98857000490843,"0,2"
0.391096104713464,
-3.093498513306,0
-2.70685116425705,"0,2"
-1.65189918694954,0
0.153824310882202,
0.200116191489758,
0.316666172017439,
-0.653988637489678,
-3.30606251329229,0
0.219430847040001,
0.41214121743091,
-0.249093612541497,
-2.3666138023182,0
0.36494441925085,2
-0.195854771501375,
-0.355861922518864,2
-1.47251566605134,0
-1.87649998421636,"0,2"
-0.149920264367993,2
-2.86078706822763,0
0.40129868655116,
0.489955248387452,
-0.0498329670906553,
-3.12678112656794,0
-3.03783022295038,0
-0.281368161514999,2
0.0912334524479238,
0.0097993804289441,
-0.180594389147702,
0.0698138946969838,
-2.42141511261047,0
-2.37042043719014,0
-2.93180106006303,0
-0.017985689984031,2
-2.12871558698918,0
0.015345887486118,2
-3.14051876345443,"0,2"
0.296128260203113,
-0.351463123745536,
0.339693320752691,
-0.105173305285292,
0.587609003785149,2
-1.82602819902656,0
-0.159504619773145,
0.0036117358482704,2
0.0919519098307808,
-0.2639246452523,2
0.410264170655137,
0.315491623703113,2
0.513196539394858,2
-1.83354615516074,2
-0.0544160453697364,2
-0.116965298488125,2
0.0367403488744273,2
-2.56476137333993,"0,2"
-2.64708915741368,0
-1.47607084594075,0
0.104669539996136,2
0.722529628549639,2
-0.131445928427775,2
-0.411176014317324,2
-0.323023134742128,2
-0.210227789398338,2
-0.320639309513348,
-0.622437528852038,2
-0.0263421752680534,2
0.293666976065471,2
-0.188062781986329,2
-0.114000555047291,2
0.225263324463162,
0.331298941910512,
-0.200198456957564,2
0.0678034663862406,2
-0.590409048988694,
-0.152565427940396,
0.191265377393417,
0.0495836711454558,
-2.57102927200389,0
-2.66422494752644,0
-1.51539767380163,0
-2.99109299735194,"0,2"
-2.73489350394579,"0,2"
-2.3325848585455,0
-0.0308862862572565,2
-3.08152848351391,0
-0.0645673602579033,
-0.0194075420398023,
-0.287184713417449,2
0.264115310641033,2
-0.138422538315462,
-1.83063676069214,2
-0.457075645766635,2
-1.98674456258502,0
0.608478573981982,
-0.510517082915677,2
0.360960109789099,
-3.00762556456117,0
0.72324306421002,
-0.0279998265069619,2
-2.94742785786032,0
-2.27267688131885,0
-1.8322684014954,0
-0.0991309823650213,
-0.0681187451921228,2
-0.966362391806273,2
-2.10905999043964,0
0.598969346547234,
-0.967951041146808,2
-0.25607832052774,2
-0.848123415234062,2
-2.17809858141866,0
0.24984485549242,
-3.39490411129478,0
-2.59802661440298,"0,2"
0.107836351717778,2
-0.265284053798021,2
0.18287107035385,
-0.660597064599592,2
-0.472155007274975,
-0.172579036031252,
0.667129686881808,
-0.400377067470858,2
-0.318746863121226,2
-0.391263301347585,
0.394609623070237,2
0.200455715036385,2
0.0015894311006384,
0.240010504489872,2
-0.476490934181509,
-0.501709435551784,
-1.52204230150555,"0,2"
0.0926336793468094,2
-1.83186236584358,0
-1.39263844476786,"0,2"
-0.844174268411832,2
0.332097384608235,2
-0.365363312214972,2
-0.640079764971539,
0.305799565843194,
-0.56775260589364,2
0.600079459902136,2
-0.231539314770227,2
0.173090797763497,2
-1.01795048355751,0
-2.61004528526674,"0,2"
-3.27566286254783,"0,2"
-2.7323869633276,0
-1.80422458101563,0
-2.21665295066947,0
-1.94609901210454,0
-0.0708742798515639,2
-0.463357152974173,2
-0.346172452740841,2
0.137907838663572,2
0.455682413129962,2
0.349385299401106,
-0.382787670768149,2
-0.167593712860979,2
0.181881127252691,2
0.0881354588985525,2
-0.793263331262784,
-0.471097938376097,2
0.629540480194674,2
0.459201024371165,
-0.129026612831397,
-0.563128845883145,
-0.0865673448072254,2
0.0028026658904101,2
0.418941406628517,2
0.221270821115816,
-0.133193677601106,2
0.374189987351094,2
-1.17829805020422,2
0.18769041193594,2
0.0822040427766108,
-0.0793524902006473,2
-0.3178004248775,
-0.0617516691274079,2
-0.109998190131041,2
-0.0745758925912602,2
-2.16235208233859,0
-2.5889991934336,"0,2"
-1.76384079857582,0
-1.74958397786638,0
-2.2703966552698,0
-2.20451449882719,0
-1.66313689301115,0
-0.0931977965380277,2
-0.26016954677242,2
-0.201378826174088,2
-2.47967527520024,"0,2"
0.102366918162689,
0.362753046878947,2
-2.35494389501738,"0,2"
-1.61962076935611,0
0.150240979150035,2
0.320884870419351,
-2.1074562156672,"0,2"
-2.81319864574004,"0,2"
0.13337933326075,2
-0.114052490451158,2
0.0424732913758367,
-0.442333511040748,2
0.214041727107737,2
-2.0827200162814,0
-0.0265484284790486,
-0.0263170140682868,2
0.53807434185041,
-1.62290738466627,"0,2"
0.0784180344339319,
0.160631280794563,
-0.200929901328434,2
-1.52151054562003,0
0.150391968364462,
-0.0314855440941615,
-0.146479584587786,
-1.75624865950192,0
0.149741365309759,
-1.88570416514307,0
-0.693108211684985,2
-1.41213169676715,0
-1.67971518079398,"0,2"
0.25628170158869,
0.0559480474136519,2
-0.0460176718875618,
-2.13900446359407,2
-0.439408021397876,2
-2.49789791552294,0
-1.99955294338856,0
0.186804513870578,
0.0385615561256449,
-0.0053099751216397,
0.167673099754918,2
0.0203886429398427,
-0.090643454642316,
0.116292496196534,
0.0372197539809666,2
0.185419112883371,2
0.252161816435646,
-0.208536721264177,
0.27743967754371,
-0.136814696599983,2
0.290276501539217,2
0.121408549265363,
-0.286496849221273,
-0.266690967111432,
-1.68212999394174,0
-0.0183786170833556,2
-0.191608108551811,2
-1.89985330876262,0
0.494525047157639,2
-0.139960541419263,2
-0.324753024351241,2
0.193792114752982,2
0.0327626382503446,
-0.0819982878013457,
0.263766498253102,
0.0146313992962136,
-3.21317734685245,0
-2.44266456822478,0
-0.281415025719808,
0.216087834816867,2
-0.23606958414134,
-2.11762035319046,"0,2"
-2.51527953598369,0
-0.147882567306313,
0.13210564418968,
0.0619342509747516,
-0.176393722554746,2
0.0560736391656419,2
-0.141839883546775,
-0.0216323304414379,
0.226322779507549,2
-0.0547760040777577,2
0.0249216122095287,
0.137595280735211,
-0.482915117565883,
0.042955773559517,2
-0.0072693352941124,
-0.129638009011805,
0.186084566746642,
0.0459927057873582,
0.183191305472956,2
-0.610873467469799,2
0.162007829151227,
-1.65409098763552,"0,2"
-2.11597542320068,0
-1.78385490261154,0
-1.61613816952577,0
-2.15196947719304,0
-1.9491741943608,0
-1.86128643953244,0
-1.27984323630751,0
-1.6419229404255,"0,2"
-1.57815337229399,2
-0.186822264299166,2
-0.662554108678587,
0.0565689014731488,2
0.095261910911725,2
-0.37609005515348,2
-0.10121464486203,
0.0637532163928631,
-0.165459440284615,2
0.0033733967781443,
0.0663937149967893,
-0.427404201322559,2
0.141273353309017,2
-0.235149046061964,
0.010442308207446,2
-0.227349585369435,
-2.64681551645418,2
-0.674691017109532,
-0.974388043453595,
-0.243218921493349,
0.418894311836247,2
-1.89959688132307,0
-3.89989874767637,"0,2"
-2.55827649893478,0
-0.320508703475903,2
0.104268267938043,2
0.309842650307981,2
-1.07093036779495,2
0.0151078043175211,"0,2"
-0.349508563263171,2
0.0303700158748514,
0.429372531464068,
-0.601048325168998,
0.040277842360585,
0.455129914467093,
0.198364116512171,2
0.213177011177558,
0.0981067115118336,2
0.122787189815673,
-0.0890474031569899,
0.332185979688528,
0.161589836890456,2
-0.260029673632726,2
-0.375639698163221,
-0.428161082041069,
-1.35490391827617,0
-0.307997887176628,
0.149097538786792,
0.547412873058203,
-0.135301414304995,2
-0.0362606384097366,2
0.533511113650839,
-2.81771291125752,
-0.741666777844507,
-1.2578347807606,"0,2"
-1.94690150805163,"0,2"
-1.71150218576215,"0,2"
0.123846216752144,
-2.75730524006307,"0,2"
0.261310921067065,2
0.0362468735692044,
0.186991589730266,
-0.224430655789883,
-0.142261663939848,2
0.0723609820404624,
-0.18071629810108,2
-0.359948471675103,2
-0.186658939575152,
-0.653707677962266,
0.624965266441664,
-1.58448902074217,"0,2"
-1.54969753079545,2
-2.73431474337157,0
-1.66682003220817,2
-0.0937200312476537,
0.0848726002519976,
0.0013243533077325,
0.859885662660011,
0.0965304435751904,
-0.478225312424512,2
-2.60080914927399,0
0.719011109277808,2
0.130951836032382,
-0.0596667537912333,2
-3.16303530428822,0
-0.118783422761102,
0.40875721687432,2
0.449495997347053,
0.262636792305302,2
0.660780546618066,
-0.285622926112162,
-0.072365435977091,
-0.0620096361859575,
0.219049202991851,2
-0.424960817864333,2
0.0318997293854854,
-3.1865190755667,0
-3.30464537023334,0
-3.64283083340989,0
-3.01621559038335,"0,2"
-0.956031369061015,"0,2"
-0.974812849416972,2
-1.47419811885489,0
-0.0099465674775902,2
-0.0011179430764381,2
-0.196196443695531,2
-0.0834281144998109,
0.0819691390845532,
-0.174196621315139,2
0.0717780440446851,
0.269995881146153,
0.0401114413253289,2
0.155762546050316,
0.0507107366545286,2
0.27981346345423,
-0.367734077476632,2
-0.0257186863976148,
-0.103230983605431,
-0.579463220023025,
-0.496820598301314,
-0.434253249995658,2
0.311822407231013,2
-0.19889340500971,2
-0.68844701967432,2
-0.664851362692938,2
-0.592747788670447,
-0.569522353382729,
-1.25478723839617,2
0.115344694314233,
0.044542744419591,
-0.206850044579761,
-0.0171020615380092,2
0.0071864934253959,2
-0.37901727077414,2
-1.84741578116444,0
-1.98459993110663,0
-1.3981950473982,0
-2.16718488379699,2
-0.438360205936103,2
0.0390698319616235,
-0.330562389135634,2
-0.29359073484416,
-0.528084960333966,2
0.0695896057211375,
0.0668076834531773,
-0.0428738564007823,2
0.0324423177634513,
-0.0210624152659631,
-0.753072752459166,
0.0441739691511223,
-1.44251233142322,0
-0.188283017525521,2
-0.614359996056815,
-0.583553197877685,
-0.438084188181349,2
-0.276791005238962,2
-0.344383558747861,2
-0.407530170453092,2
-0.308549501299909,2
-2.11895449749227,0
-0.258143618224925,
-0.804182973764603,2
-0.285887279278256,
0.168084556825566,2
-0.34428521949986,0
-1.12572817242339,2
0.372523097747277,
0.222020669045138,
0.32207869742392,
-0.0149928976380875,2
-0.333529134984516,2
0.0652499181228897,
-0.0382196455862462,2
0.216073356969021,
-0.909867174020695,2
-2.18348435841623,"0,2"
0.0211520405810629,
0.276208018235517,
-0.202315737700004,
-0.404060627646355,
0.219315149189388,
-0.187550858716403,
0.146524308634037,
-2.29625062856965,"0,2"
-0.906347441715577,2
-1.31208575342448,2
0.094405192172702,2
0.266734293961785,
-0.0582782589471287,
-0.299933275816698,2
-1.98224713430293,0
0.0676405451970248,
-2.46078117106402,0
-2.31441872512525,"0,2"
-2.56281847373706,0
-1.61165131759898,0
-2.37351547687928,0
-2.67815028387303,"0,2"
-1.69661300342761,0
-0.553037930952023,2
0.0098423366365982,2
-1.72587323841784,0
-1.97991531767534,0
0.272752752657283,2
-0.26378808892828,
-0.0546409806881962,2
-0.0133451257541699,
-2.49144382862178,0
0.116605009970786,2
-1.36424713854963,2
-0.625140475941253,
-1.72209824493603,0
-0.833876805808153,2
-2.26214444108425,2
-1.86342946322187,2
-2.18578925794761,0
0.380065819331908,
-2.92956795086696,0
0.280158504771365,
0.0669709007279156,
-0.109632717320251,
-2.68452728381937,"0,2"
0.0603527965291615,2
-0.377550923552376,2
0.200973167020785,2
0.439539251835426,
0.263373096081001,
-0.268220294647479,2
-0.312582722261644,2
-0.232681566234374,2
-0.0615812686944012,2
0.119725431646474,
-0.462075941038663,
-0.0755642438834202,
-2.45245088436987,0
-2.53143635875928,0
-0.129467374286386,
-0.0851731720580314,2
-2.23335377469493,0
0.280153918644277,
0.0645680667756681,2
-0.273650343656531,2
0.137716861449271,2
-0.0875868435855337,
-0.497292266098683,2
-1.88097436313236,0
-0.116100913284565,2
-2.07308652673108,0
0.251439368051422,
-0.463788965932701,
-1.18084330926485,2
-0.142875393473933,
-1.89461419467771,0
-0.0310243507498182,2
-0.0840898724121253,2
0.566508646859577,
-0.843029098067958,
0.136910668395231,2
-0.256372252323303,
-0.825888553758753,
0.309628122141978,2
-0.183735036429715,
-0.225886266553234,2
-0.431262926997201,
-2.16719537042397,0
-1.6528829107851,0
-1.6982368729434,0
-2.76343815225029,"0,2"
-1.48991533504616,0
-2.15111921617674,0
0.0414662990190648,
-0.308160232101454,
-0.71215947251101,2
-0.279599299148717,2
-0.19148487382304,
0.231182686157453,
-0.0153221623501722,2
